[
    {
        "RoadID_From":"1",
        "RoadID_To":"3",
        "Morning_Peak_veh_h":2800,
        "Afternoon_veh_h":1500,
        "Evening_Peak_veh_h":2600,
        "Night_veh_h":800
    },
    {
        "RoadID_From":"1",
        "RoadID_To":"8",
        "Morning_Peak_veh_h":2200,
        "Afternoon_veh_h":1200,
        "Evening_Peak_veh_h":2100,
        "Night_veh_h":600
    },
    {
        "RoadID_From":"2",
        "RoadID_To":"3",
        "Morning_Peak_veh_h":2700,
        "Afternoon_veh_h":1400,
        "Evening_Peak_veh_h":2500,
        "Night_veh_h":700
    },
    {
        "RoadID_From":"2",
        "RoadID_To":"5",
        "Morning_Peak_veh_h":3000,
        "Afternoon_veh_h":1600,
        "Evening_Peak_veh_h":2800,
        "Night_veh_h":650
    },
    {
        "RoadID_From":"3",
        "RoadID_To":"5",
        "Morning_Peak_veh_h":3200,
        "Afternoon_veh_h":1700,
        "Evening_Peak_veh_h":3100,
        "Night_veh_h":800
    },
    {
        "RoadID_From":"3",
        "RoadID_To":"6",
        "Morning_Peak_veh_h":1800,
        "Afternoon_veh_h":1400,
        "Evening_Peak_veh_h":1900,
        "Night_veh_h":500
    },
    {
        "RoadID_From":"3",
        "RoadID_To":"9",
        "Morning_Peak_veh_h":2400,
        "Afternoon_veh_h":1300,
        "Evening_Peak_veh_h":2200,
        "Night_veh_h":550
    },
    {
        "RoadID_From":"3",
        "RoadID_To":"10",
        "Morning_Peak_veh_h":2300,
        "Afternoon_veh_h":1200,
        "Evening_Peak_veh_h":2100,
        "Night_veh_h":500
    },
    {
        "RoadID_From":"4",
        "RoadID_To":"2",
        "Morning_Peak_veh_h":3600,
        "Afternoon_veh_h":1800,
        "Evening_Peak_veh_h":3300,
        "Night_veh_h":750
    },
    {
        "RoadID_From":"4",
        "RoadID_To":"14",
        "Morning_Peak_veh_h":2800,
        "Afternoon_veh_h":1600,
        "Evening_Peak_veh_h":2600,
        "Night_veh_h":600
    },
    {
        "RoadID_From":"5",
        "RoadID_To":"11",
        "Morning_Peak_veh_h":2900,
        "Afternoon_veh_h":1500,
        "Evening_Peak_veh_h":2700,
        "Night_veh_h":650
    },
    {
        "RoadID_From":"6",
        "RoadID_To":"9",
        "Morning_Peak_veh_h":1700,
        "Afternoon_veh_h":1300,
        "Evening_Peak_veh_h":1800,
        "Night_veh_h":450
    },
    {
        "RoadID_From":"7",
        "RoadID_To":"8",
        "Morning_Peak_veh_h":3200,
        "Afternoon_veh_h":1700,
        "Evening_Peak_veh_h":3000,
        "Night_veh_h":700
    },
    {
        "RoadID_From":"7",
        "RoadID_To":"15",
        "Morning_Peak_veh_h":2800,
        "Afternoon_veh_h":1500,
        "Evening_Peak_veh_h":2600,
        "Night_veh_h":600
    },
    {
        "RoadID_From":"8",
        "RoadID_To":"10",
        "Morning_Peak_veh_h":2000,
        "Afternoon_veh_h":1100,
        "Evening_Peak_veh_h":1900,
        "Night_veh_h":450
    },
    {
        "RoadID_From":"8",
        "RoadID_To":"12",
        "Morning_Peak_veh_h":2400,
        "Afternoon_veh_h":1300,
        "Evening_Peak_veh_h":2200,
        "Night_veh_h":500
    },
    {
        "RoadID_From":"9",
        "RoadID_To":"10",
        "Morning_Peak_veh_h":1800,
        "Afternoon_veh_h":1200,
        "Evening_Peak_veh_h":1700,
        "Night_veh_h":400
    },
    {
        "RoadID_From":"10",
        "RoadID_To":"11",
        "Morning_Peak_veh_h":2200,
        "Afternoon_veh_h":1300,
        "Evening_Peak_veh_h":2100,
        "Night_veh_h":500
    },
    {
        "RoadID_From":"11",
        "RoadID_To":"F2",
        "Morning_Peak_veh_h":2100,
        "Afternoon_veh_h":1200,
        "Evening_Peak_veh_h":2000,
        "Night_veh_h":450
    },
    {
        "RoadID_From":"12",
        "RoadID_To":"1",
        "Morning_Peak_veh_h":2600,
        "Afternoon_veh_h":1400,
        "Evening_Peak_veh_h":2400,
        "Night_veh_h":550
    },
    {
        "RoadID_From":"13",
        "RoadID_To":"4",
        "Morning_Peak_veh_h":3800,
        "Afternoon_veh_h":2000,
        "Evening_Peak_veh_h":3500,
        "Night_veh_h":800
    },
    {
        "RoadID_From":"14",
        "RoadID_To":"13",
        "Morning_Peak_veh_h":3600,
        "Afternoon_veh_h":1900,
        "Evening_Peak_veh_h":3300,
        "Night_veh_h":750
    },
    {
        "RoadID_From":"15",
        "RoadID_To":"7",
        "Morning_Peak_veh_h":2800,
        "Afternoon_veh_h":1500,
        "Evening_Peak_veh_h":2600,
        "Night_veh_h":600
    },
    {
        "RoadID_From":"F1",
        "RoadID_To":"5",
        "Morning_Peak_veh_h":3300,
        "Afternoon_veh_h":2200,
        "Evening_Peak_veh_h":3100,
        "Night_veh_h":1200
    },
    {
        "RoadID_From":"F1",
        "RoadID_To":"2",
        "Morning_Peak_veh_h":3000,
        "Afternoon_veh_h":2000,
        "Evening_Peak_veh_h":2800,
        "Night_veh_h":1100
    },
    {
        "RoadID_From":"F2",
        "RoadID_To":"3",
        "Morning_Peak_veh_h":1900,
        "Afternoon_veh_h":1600,
        "Evening_Peak_veh_h":1800,
        "Night_veh_h":900
    },
    {
        "RoadID_From":"F7",
        "RoadID_To":"15",
        "Morning_Peak_veh_h":2600,
        "Afternoon_veh_h":1500,
        "Evening_Peak_veh_h":2400,
        "Night_veh_h":550
    },
    {
        "RoadID_From":"F8",
        "RoadID_To":"4",
        "Morning_Peak_veh_h":2800,
        "Afternoon_veh_h":1600,
        "Evening_Peak_veh_h":2600,
        "Night_veh_h":600
    }
]