{
    "metro_lines": [
        {
            "LineID": "M1",
            "Name": "Line 1 (Helwan-New Marg)",
            "Stations_comma_separated_IDs": [
                "12",
                "1",
                "3",
                "F2",
                "11"
            ],
            "Daily_Passengers": 1500000
        },
        {
            "LineID": "M2",
            "Name": "Line 2 (Shubra-Giza)",
            "Stations_comma_separated_IDs": [
                "11",
                "F2",
                "3",
                "10",
                "8"
            ],
            "Daily_Passengers": 1200000
        },
        {
            "LineID": "M3",
            "Name": "Line 3 (Airport-Imbaba)",
            "Stations_comma_separated_IDs": [
                "F1",
                "5",
                "2",
                "3",
                "9"
            ],
            "Daily_Passengers": 800000
        }
    ],
    "bus_routes": [
        {
            "RouteID": "B1",
            "Stops_comma_separated_IDs": [
                "1",
                "3",
                "6",
                "9"
            ],
            "Buses_Assigned": 25,
            "Daily_Passengers": 35000
        },
        {
            "RouteID": "B2",
            "Stops_comma_separated_IDs": [
                "7",
                "15",
                "8",
                "10",
                "3"
            ],
            "Buses_Assigned": 30,
            "Daily_Passengers": 42000
        },
        {
            "RouteID": "B3",
            "Stops_comma_separated_IDs": [
                "2",
                "5",
                "F1"
            ],
            "Buses_Assigned": 20,
            "Daily_Passengers": 28000
        },
        {
            "RouteID": "B4",
            "Stops_comma_separated_IDs": [
                "4",
                "14",
                "2",
                "3"
            ],
            "Buses_Assigned": 22,
            "Daily_Passengers": 31000
        },
        {
            "RouteID": "B5",
            "Stops_comma_separated_IDs": [
                "8",
                "12",
                "1"
            ],
            "Buses_Assigned": 18,
            "Daily_Passengers": 25000
        },
        {
            "RouteID": "B6",
            "Stops_comma_separated_IDs": [
                "11",
                "5",
                "2"
            ],
            "Buses_Assigned": 24,
            "Daily_Passengers": 33000
        },
        {
            "RouteID": "B7",
            "Stops_comma_separated_IDs": [
                "13",
                "4",
                "14"
            ],
            "Buses_Assigned": 15,
            "Daily_Passengers": 21000
        },
        {
            "RouteID": "B8",
            "Stops_comma_separated_IDs": [
                "F7",
                "15",
                "7"
            ],
            "Buses_Assigned": 12,
            "Daily_Passengers": 17000
        },
        {
            "RouteID": "B9",
            "Stops_comma_separated_IDs": [
                "1",
                "8",
                "10",
                "9",
                "6"
            ],
            "Buses_Assigned": 28,
            "Daily_Passengers": 39000
        },
        {
            "RouteID": "B10",
            "Stops_comma_separated_IDs": [
                "F8",
                "4",
                "2",
                "5"
            ],
            "Buses_Assigned": 20,
            "Daily_Passengers": 28000
        }
    ],
    "public_transport_demand": [
        {
            "FromID": "3",
            "ToID": "5",
            "Daily_Passengers": 15000
        },
        {
            "FromID": "1",
            "ToID": "3",
            "Daily_Passengers": 12000
        },
        {
            "FromID": "2",
            "ToID": "3",
            "Daily_Passengers": 18000
        },
        {
            "FromID": "F2",
            "ToID": "11",
            "Daily_Passengers": 25000
        },
        {
            "FromID": "F1",
            "ToID": "3",
            "Daily_Passengers": 20000
        },
        {
            "FromID": "7",
            "ToID": "3",
            "Daily_Passengers": 14000
        },
        {
            "FromID": "4",
            "ToID": "3",
            "Daily_Passengers": 16000
        },
        {
            "FromID": "8",
            "ToID": "3",
            "Daily_Passengers": 22000
        },
        {
            "FromID": "3",
            "ToID": "9",
            "Daily_Passengers": 13000
        },
        {
            "FromID": "5",
            "ToID": "2",
            "Daily_Passengers": 17000
        },
        {
            "FromID": "11",
            "ToID": "3",
            "Daily_Passengers": 24000
        },
        {
            "FromID": "12",
            "ToID": "3",
            "Daily_Passengers": 11000
        },
        {
            "FromID": "1",
            "ToID": "8",
            "Daily_Passengers": 9000
        },
        {
            "FromID": "7",
            "ToID": "F7",
            "Daily_Passengers": 18000
        },
        {
            "FromID": "4",
            "ToID": "F8",
            "Daily_Passengers": 12000
        },
        {
            "FromID": "13",
            "ToID": "3",
            "Daily_Passengers": 8000
        },
        {
            "FromID": "14",
            "ToID": "4",
            "Daily_Passengers": 7000
        }
    ]
}