[
    {
        "ID":"F1",
        "Name":"Cairo International Airport",
        "Type":"Airport",
        "X_coordinate":31.41,
        "Y_coordinate":30.11
    },
    {
        "ID":"F2",
        "Name":"Ramses Railway Station",
        "Type":"Transit Hub",
        "X_coordinate":31.25,
        "Y_coordinate":30.06
    },
    {
        "ID":"F3",
        "Name":"Cairo University",
        "Type":"Education",
        "X_coordinate":31.21,
        "Y_coordinate":30.03
    },
    {
        "ID":"F4",
        "Name":"Al-Azhar University",
        "Type":"Education",
        "X_coordinate":31.26,
        "Y_coordinate":30.05
    },
    {
        "ID":"F5",
        "Name":"Egyptian Museum",
        "Type":"Tourism",
        "X_coordinate":31.23,
        "Y_coordinate":30.05
    },
    {
        "ID":"F6",
        "Name":"Cairo International Stadium",
        "Type":"Sports",
        "X_coordinate":31.3,
        "Y_coordinate":30.07
    },
    {
        "ID":"F7",
        "Name":"Smart Village",
        "Type":"Business",
        "X_coordinate":30.97,
        "Y_coordinate":30.07
    },
    {
        "ID":"F8",
        "Name":"Cairo Festival City",
        "Type":"Commercial",
        "X_coordinate":31.4,
        "Y_coordinate":30.03
    },
    {
        "ID":"F9",
        "Name":"Qasr El Aini Hospital",
        "Type":"Medical",
        "X_coordinate":31.23,
        "Y_coordinate":30.03
    },
    {
        "ID":"F10",
        "Name":"Maadi Military Hospital",
        "Type":"Medical",
        "X_coordinate":31.25,
        "Y_coordinate":29.95
    }
]